pop_music,piano_cover
NgEaOJ7lRWY,GDzy4AXetlI
AIYpdjQVidc,gKooKVUwpwo
Fqey8LxQxFU,Qq_Ds5nJUB4
lwAHfOhOONw,RNLCqUfbPkE
5Ejp7yFZxPM,eSjVVCmAJTE
lzomiJ3mZXY,VXsYKNWKS20
kSfx0OvkxJM,PF0WdWwUMdI
J_BId2d5zB4,8qMjwA_Q-98
BsMO72SBAfo,2cMGsLZZxec
sGp-tnr0u5M,sbbSlarFkvY
XqN2qFvY64U,pzlqsVIm7yA
VJruS2ULZoY,S8TvXhLtLa0
oUxfHBktaLE,MzapYDVqLHo
fKRmN7Ro1B0,IhbLmOtAAug
hHKRrRdH_7Q,W4auGVefufE
UFQGgJmjQYk,4idiUM4SpUA
nAQ_1lTDvPQ,oe7A7HjZhHU
s60sh-vjzno,YCjsVNY2pjE
fuP4Lkt1vAo,FbDFUsSwIz4
JBe0yHNEURo,rmKcIx-CxTU